<keymap version="1" name="Windows 1 복사" parent="$default">
  <action id="ActivateServicesToolWindow" />
  <action id="CloseContent">
    <keyboard-shortcut first-keystroke="ctrl f4" />
    <keyboard-shortcut first-keystroke="ctrl w" />
  </action>
  <action id="CommentByLineComment">
    <keyboard-shortcut first-keystroke="ctrl slash" />
    <keyboard-shortcut first-keystroke="ctrl divide" />
    <keyboard-shortcut first-keystroke="ctrl r" />
  </action>
  <action id="DirDiffMenu.SetCopyToLeft">
    <keyboard-shortcut first-keystroke="alt left" />
  </action>
  <action id="DirDiffMenu.SetCopyToRight">
    <keyboard-shortcut first-keystroke="alt right" />
  </action>
  <action id="EditSource">
    <keyboard-shortcut first-keystroke="f4" />
    <keyboard-shortcut first-keystroke="shift alt v" />
  </action>
  <action id="GoToLastTab">
    <keyboard-shortcut first-keystroke="alt 0" />
  </action>
  <action id="GoToTab1">
    <keyboard-shortcut first-keystroke="alt 1" />
  </action>
  <action id="GoToTab2">
    <keyboard-shortcut first-keystroke="alt 2" />
  </action>
  <action id="GoToTab3">
    <keyboard-shortcut first-keystroke="alt 3" />
  </action>
  <action id="GoToTab4">
    <keyboard-shortcut first-keystroke="alt 4" />
  </action>
  <action id="GoToTab5">
    <keyboard-shortcut first-keystroke="alt 5" />
  </action>
  <action id="GoToTab6">
    <keyboard-shortcut first-keystroke="alt 6" />
  </action>
  <action id="GoToTab7">
    <keyboard-shortcut first-keystroke="alt 7" />
  </action>
  <action id="GoToTab8">
    <keyboard-shortcut first-keystroke="alt 8" />
  </action>
  <action id="GoToTab9">
    <keyboard-shortcut first-keystroke="alt 9" />
  </action>
  <action id="MoveTabDown">
    <keyboard-shortcut first-keystroke="shift alt s" />
  </action>
  <action id="MoveTabRight">
    <keyboard-shortcut first-keystroke="shift alt d" />
  </action>
  <action id="NextSplitter">
    <keyboard-shortcut first-keystroke="ctrl 2" />
  </action>
  <action id="PrevSplitter">
    <keyboard-shortcut first-keystroke="ctrl 1" />
  </action>
  <action id="QuickImplementations">
    <keyboard-shortcut first-keystroke="shift ctrl i" />
    <keyboard-shortcut first-keystroke="alt v" />
  </action>
  <action id="Replace" />
  <action id="SplitVertically">
    <keyboard-shortcut first-keystroke="alt d" second-keystroke="alt w" />
    <keyboard-shortcut first-keystroke="ctrl back_slash" />
  </action>
</keymap>