<keymap version="1" name="VSCode 아니이럴수가" parent="VSCode">
  <action id="ActivateBookmarksToolWindow" />
  <action id="ActivateBuildToolWindow">
    <keyboard-shortcut first-keystroke="ctrl alt b" />
  </action>
  <action id="ActivateCommitToolWindow" />
  <action id="ActivateEndpointsToolWindow">
    <keyboard-shortcut first-keystroke="shift ctrl c" />
  </action>
  <action id="ActivateFindToolWindow" />
  <action id="ActivateProblemsViewToolWindow">
    <keyboard-shortcut first-keystroke="ctrl alt a" />
    <keyboard-shortcut first-keystroke="ctrl alt 1" />
  </action>
  <action id="ActivateRunToolWindow">
    <keyboard-shortcut first-keystroke="shift ctrl q" />
    <keyboard-shortcut first-keystroke="ctrl alt 2" />
  </action>
  <action id="ActivateServicesToolWindow">
    <keyboard-shortcut first-keystroke="ctrl alt d" />
    <keyboard-shortcut first-keystroke="ctrl alt 3" />
  </action>
  <action id="ActivateStructureToolWindow" />
  <action id="ActivateTODOToolWindow">
    <keyboard-shortcut first-keystroke="shift ctrl v" />
  </action>
  <action id="ActivateTerminalToolWindow">
    <keyboard-shortcut first-keystroke="ctrl back_quote" />
    <keyboard-shortcut first-keystroke="ctrl alt 4" />
  </action>
  <action id="ActivateVersionControlToolWindow">
    <keyboard-shortcut first-keystroke="shift ctrl g" />
    <keyboard-shortcut first-keystroke="shift ctrl s" />
  </action>
  <action id="Annotate">
    <keyboard-shortcut first-keystroke="ctrl m" second-keystroke="ctrl comma" />
  </action>
  <action id="AutoIndentLines" />
  <action id="Back">
    <keyboard-shortcut first-keystroke="alt left" />
    <keyboard-shortcut first-keystroke="ctrl comma" />
  </action>
  <action id="ChangeKeymap">
    <keyboard-shortcut first-keystroke="ctrl k" second-keystroke="ctrl s" />
  </action>
  <action id="ChangesView.AddUnversioned" />
  <action id="CheckinProject">
    <keyboard-shortcut first-keystroke="ctrl m" second-keystroke="ctrl i" />
  </action>
  <action id="ChooseDebugConfiguration">
    <keyboard-shortcut first-keystroke="shift alt f9" />
    <keyboard-shortcut first-keystroke="alt d" second-keystroke="alt s" />
  </action>
  <action id="ClickLink">
    <keyboard-shortcut first-keystroke="f12" />
    <mouse-shortcut keystroke="control button1" />
  </action>
  <action id="CollapseAll">
    <keyboard-shortcut first-keystroke="ctrl subtract" />
    <keyboard-shortcut first-keystroke="ctrl open_bracket" />
    <keyboard-shortcut first-keystroke="shift ctrl open_bracket" />
  </action>
  <action id="CommentByBlockComment">
    <keyboard-shortcut first-keystroke="shift ctrl a" />
  </action>
  <action id="CommentByLineComment">
    <keyboard-shortcut first-keystroke="ctrl k" second-keystroke="ctrl c" />
    <keyboard-shortcut first-keystroke="ctrl k" second-keystroke="ctrl u" />
    <keyboard-shortcut first-keystroke="ctrl slash" />
    <keyboard-shortcut first-keystroke="ctrl r" />
  </action>
  <action id="Console.Jdbc.Execute">
    <keyboard-shortcut first-keystroke="ctrl enter" />
  </action>
  <action id="Console.TableResult.CloneRow">
    <keyboard-shortcut first-keystroke="shift alt down" />
    <keyboard-shortcut first-keystroke="shift alt s" />
    <keyboard-shortcut first-keystroke="ctrl alt s" />
  </action>
  <action id="Console.TableResult.GotoReferencingResult">
    <keyboard-shortcut first-keystroke="f12" />
    <mouse-shortcut keystroke="control button1" />
  </action>
  <action id="Console.TableResult.NavigateAction">
    <keyboard-shortcut first-keystroke="f4" />
    <keyboard-shortcut first-keystroke="shift alt v" />
    <keyboard-shortcut first-keystroke="f5" />
  </action>
  <action id="Console.TableResult.Reload">
    <keyboard-shortcut first-keystroke="f5" />
  </action>
  <action id="Console.TableResult.Submit">
    <keyboard-shortcut first-keystroke="ctrl enter" />
  </action>
  <action id="Coverage">
    <keyboard-shortcut first-keystroke="alt s" second-keystroke="alt c" />
  </action>
  <action id="DatabaseView.CopyAction">
    <keyboard-shortcut first-keystroke="shift alt down" />
    <keyboard-shortcut first-keystroke="shift alt s" />
    <keyboard-shortcut first-keystroke="ctrl alt s" />
  </action>
  <action id="DatabaseView.OpenFamilyAction">
    <keyboard-shortcut first-keystroke="f4" />
    <keyboard-shortcut first-keystroke="shift alt v" />
    <keyboard-shortcut first-keystroke="f5" />
  </action>
  <action id="DatabaseView.Refresh">
    <keyboard-shortcut first-keystroke="f5" />
  </action>
  <action id="Debug">
    <keyboard-shortcut first-keystroke="alt d" second-keystroke="alt d" />
    <keyboard-shortcut first-keystroke="alt s" second-keystroke="alt d" />
  </action>
  <action id="Diff.ApplyRightSide" />
  <action id="Documentation.EditSource">
    <keyboard-shortcut first-keystroke="f4" />
    <keyboard-shortcut first-keystroke="shift alt v" />
    <keyboard-shortcut first-keystroke="f5" />
  </action>
  <action id="DomCollectionControl.Edit">
    <keyboard-shortcut first-keystroke="f4" />
    <keyboard-shortcut first-keystroke="shift alt v" />
    <keyboard-shortcut first-keystroke="f5" />
  </action>
  <action id="EditSource">
    <keyboard-shortcut first-keystroke="f4" />
    <keyboard-shortcut first-keystroke="shift alt v" />
  </action>
  <action id="EditorAddCaretPerSelectedLine">
    <keyboard-shortcut first-keystroke="shift alt n" />
  </action>
  <action id="EditorCloneCaretAbove">
    <keyboard-shortcut first-keystroke="ctrl alt up" />
    <keyboard-shortcut first-keystroke="shift ctrl alt up" />
    <keyboard-shortcut first-keystroke="shift ctrl up" />
  </action>
  <action id="EditorCloneCaretBelow">
    <keyboard-shortcut first-keystroke="ctrl alt down" />
    <keyboard-shortcut first-keystroke="shift ctrl alt down" />
    <keyboard-shortcut first-keystroke="shift ctrl down" />
  </action>
  <action id="EditorContextInfo" />
  <action id="EditorDeleteLine">
    <keyboard-shortcut first-keystroke="shift ctrl k" />
    <keyboard-shortcut first-keystroke="ctrl d" />
  </action>
  <action id="EditorDown">
    <keyboard-shortcut first-keystroke="down" />
    <keyboard-shortcut first-keystroke="alt k" />
  </action>
  <action id="EditorDownWithSelection">
    <keyboard-shortcut first-keystroke="shift down" />
  </action>
  <action id="EditorDuplicate" />
  <action id="EditorDuplicateLines">
    <keyboard-shortcut first-keystroke="ctrl alt s" />
    <keyboard-shortcut first-keystroke="shift alt down" />
  </action>
  <action id="EditorLeft">
    <keyboard-shortcut first-keystroke="left" />
    <keyboard-shortcut first-keystroke="alt j" />
  </action>
  <action id="EditorLineEnd">
    <keyboard-shortcut first-keystroke="end" />
    <keyboard-shortcut first-keystroke="ctrl semicolon" />
    <keyboard-shortcut first-keystroke="ctrl alt l" />
  </action>
  <action id="EditorLineStart">
    <keyboard-shortcut first-keystroke="home" />
    <keyboard-shortcut first-keystroke="ctrl alt j" />
  </action>
  <action id="EditorNextWord">
    <keyboard-shortcut first-keystroke="ctrl right" />
    <keyboard-shortcut first-keystroke="ctrl alt e" />
  </action>
  <action id="EditorPreviousWord">
    <keyboard-shortcut first-keystroke="ctrl left" />
    <keyboard-shortcut first-keystroke="ctrl alt q" />
  </action>
  <action id="EditorRight">
    <keyboard-shortcut first-keystroke="right" />
    <keyboard-shortcut first-keystroke="alt l" />
  </action>
  <action id="EditorScrollToCenter" />
  <action id="EditorSelectWord">
    <keyboard-shortcut first-keystroke="shift alt right" />
    <keyboard-shortcut first-keystroke="shift alt e" />
  </action>
  <action id="EditorTextEnd">
    <keyboard-shortcut first-keystroke="ctrl end" />
    <keyboard-shortcut first-keystroke="ctrl alt k" />
  </action>
  <action id="EditorTextStart">
    <keyboard-shortcut first-keystroke="ctrl home" />
    <keyboard-shortcut first-keystroke="ctrl alt i" />
  </action>
  <action id="EditorUp">
    <keyboard-shortcut first-keystroke="up" />
    <keyboard-shortcut first-keystroke="alt i" />
  </action>
  <action id="EditorUpWithSelection">
    <keyboard-shortcut first-keystroke="shift up" />
  </action>
  <action id="ExpandAll">
    <keyboard-shortcut first-keystroke="ctrl add" />
    <keyboard-shortcut first-keystroke="shift ctrl close_bracket" />
  </action>
  <action id="FindNext">
    <keyboard-shortcut first-keystroke="ctrl k" second-keystroke="ctrl d" />
    <keyboard-shortcut first-keystroke="ctrl 4" />
  </action>
  <action id="FindPrevWordAtCaret">
    <keyboard-shortcut first-keystroke="shift ctrl f3" />
    <keyboard-shortcut first-keystroke="f2" />
  </action>
  <action id="FindPrevious">
    <keyboard-shortcut first-keystroke="shift f3" />
    <keyboard-shortcut first-keystroke="shift ctrl f3" />
    <keyboard-shortcut first-keystroke="ctrl 3" />
  </action>
  <action id="FindWordAtCaret">
    <keyboard-shortcut first-keystroke="f3" />
  </action>
  <action id="ForceStepInto">
    <keyboard-shortcut first-keystroke="shift f8" />
  </action>
  <action id="Forward">
    <keyboard-shortcut first-keystroke="alt right" />
    <keyboard-shortcut first-keystroke="ctrl period" />
  </action>
  <action id="Generate">
    <keyboard-shortcut first-keystroke="alt insert" />
    <keyboard-shortcut first-keystroke="alt g" />
  </action>
  <action id="Git.Branches">
    <keyboard-shortcut first-keystroke="shift ctrl back_quote" />
    <keyboard-shortcut first-keystroke="ctrl m" second-keystroke="ctrl k" />
  </action>
  <action id="Git.Fetch">
    <keyboard-shortcut first-keystroke="ctrl m" second-keystroke="ctrl f" />
  </action>
  <action id="Git.Merge">
    <keyboard-shortcut first-keystroke="ctrl m" second-keystroke="ctrl m" />
  </action>
  <action id="Git.Pull">
    <keyboard-shortcut first-keystroke="ctrl m" second-keystroke="ctrl p" />
  </action>
  <action id="GoToLastTab">
    <keyboard-shortcut first-keystroke="alt 0" />
  </action>
  <action id="GoToTab1">
    <keyboard-shortcut first-keystroke="alt 1" />
  </action>
  <action id="GoToTab2">
    <keyboard-shortcut first-keystroke="alt 2" />
  </action>
  <action id="GoToTab3">
    <keyboard-shortcut first-keystroke="alt 3" />
  </action>
  <action id="GoToTab4">
    <keyboard-shortcut first-keystroke="alt 4" />
  </action>
  <action id="GoToTab5">
    <keyboard-shortcut first-keystroke="alt 5" />
  </action>
  <action id="GoToTab6">
    <keyboard-shortcut first-keystroke="alt 6" />
  </action>
  <action id="GoToTab7">
    <keyboard-shortcut first-keystroke="alt 7" />
  </action>
  <action id="GoToTab8">
    <keyboard-shortcut first-keystroke="alt 8" />
  </action>
  <action id="GoToTab9">
    <keyboard-shortcut first-keystroke="alt 9" />
  </action>
  <action id="GotoAction">
    <keyboard-shortcut first-keystroke="shift ctrl p" />
    <keyboard-shortcut first-keystroke="f1" />
  </action>
  <action id="GotoClass">
    <keyboard-shortcut first-keystroke="shift ctrl i" />
  </action>
  <action id="GotoImplementation">
    <keyboard-shortcut first-keystroke="ctrl f12" />
    <keyboard-shortcut first-keystroke="shift alt x" />
    <mouse-shortcut keystroke="control alt button1" />
    <mouse-shortcut keystroke="shift control button1" />
  </action>
  <action id="GotoSymbol">
    <keyboard-shortcut first-keystroke="shift ctrl m" />
  </action>
  <action id="GotoTest">
    <keyboard-shortcut first-keystroke="ctrl t" />
  </action>
  <action id="GotoUrlAction">
    <keyboard-shortcut first-keystroke="shift ctrl u" />
  </action>
  <action id="HideActiveWindow">
    <keyboard-shortcut first-keystroke="ctrl q" />
  </action>
  <action id="Jdbc.OpenConsole.Any">
    <keyboard-shortcut first-keystroke="shift ctrl f10" />
    <keyboard-shortcut first-keystroke="f3" />
  </action>
  <action id="Jdbc.OpenEditor.Console">
    <keyboard-shortcut first-keystroke="shift alt v" />
    <keyboard-shortcut first-keystroke="f3" />
  </action>
  <action id="Jdbc.OpenEditor.DDL">
    <keyboard-shortcut first-keystroke="f12" />
    <mouse-shortcut keystroke="control button1" />
  </action>
  <action id="Jdbc.OpenEditor.Data">
    <keyboard-shortcut first-keystroke="f4" />
    <keyboard-shortcut first-keystroke="shift alt v" />
    <keyboard-shortcut first-keystroke="f5" />
  </action>
  <action id="MaximizeEditorInSplit">
    <keyboard-shortcut first-keystroke="alt e" />
  </action>
  <action id="MaximizeToolWindow">
    <keyboard-shortcut first-keystroke="shift ctrl quote" />
    <keyboard-shortcut first-keystroke="ctrl alt f" />
  </action>
  <action id="MethodDown">
    <keyboard-shortcut first-keystroke="ctrl down" />
  </action>
  <action id="MethodUp">
    <keyboard-shortcut first-keystroke="ctrl up" />
  </action>
  <action id="MoveEditorToOppositeTabGroup">
    <keyboard-shortcut first-keystroke="ctrl alt right" />
    <keyboard-shortcut first-keystroke="shift alt a" />
  </action>
  <action id="MoveTabRight">
    <keyboard-shortcut first-keystroke="shift alt d" />
  </action>
  <action id="NavbarPopupMenu">
    <keyboard-shortcut first-keystroke="alt w" />
  </action>
  <action id="NewClass">
    <keyboard-shortcut first-keystroke="ctrl j" second-keystroke="ctrl j" />
    <keyboard-shortcut first-keystroke="shift ctrl alt d" />
  </action>
  <action id="NewDir">
    <keyboard-shortcut first-keystroke="shift ctrl alt f" />
  </action>
  <action id="NewScratchFile">
    <keyboard-shortcut first-keystroke="shift ctrl alt insert" />
    <keyboard-shortcut first-keystroke="ctrl n" />
  </action>
  <action id="NextDiff">
    <keyboard-shortcut first-keystroke="f7" />
    <keyboard-shortcut first-keystroke="alt down" />
  </action>
  <action id="NextSplitter">
    <keyboard-shortcut first-keystroke="ctrl k" second-keystroke="ctrl right" />
    <keyboard-shortcut first-keystroke="ctrl 2" />
  </action>
  <action id="OpenInRightSplit">
    <keyboard-shortcut first-keystroke="shift enter" />
    <mouse-shortcut keystroke="alt button1 doubleClick" />
    <keyboard-shortcut first-keystroke="shift alt d" />
  </action>
  <action id="OptimizeImports">
    <keyboard-shortcut first-keystroke="shift alt o" />
    <keyboard-shortcut first-keystroke="alt a" />
  </action>
  <action id="PrevSplitter">
    <keyboard-shortcut first-keystroke="ctrl k" second-keystroke="ctrl left" />
    <keyboard-shortcut first-keystroke="ctrl 1" />
  </action>
  <action id="PreviousDiff">
    <keyboard-shortcut first-keystroke="shift f7" />
    <keyboard-shortcut first-keystroke="alt up" />
  </action>
  <action id="ProblemsView.QuickFixes">
    <keyboard-shortcut first-keystroke="ctrl period" />
    <keyboard-shortcut first-keystroke="alt r" />
    <keyboard-shortcut first-keystroke="alt enter" />
  </action>
  <action id="ProjectViewEditSource">
    <keyboard-shortcut first-keystroke="f4" />
    <keyboard-shortcut first-keystroke="shift alt v" />
    <keyboard-shortcut first-keystroke="f5" />
  </action>
  <action id="QuickImplementations">
    <keyboard-shortcut first-keystroke="alt v" />
    <keyboard-shortcut first-keystroke="alt x" />
  </action>
  <action id="RecentFiles" />
  <action id="RecentProjectListGroup" />
  <action id="Refactorings.QuickListPopupAction">
    <keyboard-shortcut first-keystroke="shift alt r" />
    <keyboard-shortcut first-keystroke="ctrl alt r" />
  </action>
  <action id="ReformatCode">
    <keyboard-shortcut first-keystroke="shift alt f" />
    <keyboard-shortcut first-keystroke="alt f" />
  </action>
  <action id="RenameElement" />
  <action id="RevealIn">
    <keyboard-shortcut first-keystroke="ctrl k" second-keystroke="r" />
    <keyboard-shortcut first-keystroke="shift ctrl r" />
  </action>
  <action id="RunClass">
    <keyboard-shortcut first-keystroke="shift ctrl f10" />
    <keyboard-shortcut first-keystroke="alt s" second-keystroke="alt s" />
  </action>
  <action id="Scratch.ChangeLanguage">
    <keyboard-shortcut first-keystroke="ctrl l" />
  </action>
  <action id="ScrollPane-unitScrollDown" />
  <action id="ScrollPane-unitScrollUp" />
  <action id="ScrollTreeToCenter" />
  <action id="SearchEverywhere" />
  <action id="SelectInProjectView">
    <keyboard-shortcut first-keystroke="ctrl k" second-keystroke="e" />
    <keyboard-shortcut first-keystroke="shift ctrl alt e" />
  </action>
  <action id="SelectNextOccurrence">
    <keyboard-shortcut first-keystroke="ctrl d" />
    <keyboard-shortcut first-keystroke="ctrl f3" />
    <keyboard-shortcut first-keystroke="ctrl e" />
  </action>
  <action id="ShowContent">
    <keyboard-shortcut first-keystroke="shift ctrl alt a" />
    <keyboard-shortcut first-keystroke="ctrl space" />
  </action>
  <action id="ShowErrorDescription">
    <keyboard-shortcut first-keystroke="ctrl f1" />
    <keyboard-shortcut first-keystroke="alt c" />
  </action>
  <action id="ShowIntentionActions">
    <keyboard-shortcut first-keystroke="ctrl period" />
    <keyboard-shortcut first-keystroke="alt enter" />
    <keyboard-shortcut first-keystroke="alt r" />
  </action>
  <action id="ShowNavBar">
    <keyboard-shortcut first-keystroke="shift ctrl semicolon" />
    <keyboard-shortcut first-keystroke="ctrl quote" />
  </action>
  <action id="ShowSettings">
    <keyboard-shortcut first-keystroke="ctrl alt comma" />
  </action>
  <action id="ShowUsages">
    <keyboard-shortcut first-keystroke="shift f12" />
    <keyboard-shortcut first-keystroke="ctrl alt v" />
  </action>
  <action id="SmartStepInto">
    <keyboard-shortcut first-keystroke="f8" />
  </action>
  <action id="SplitVertically">
    <keyboard-shortcut first-keystroke="ctrl back_slash" />
    <keyboard-shortcut first-keystroke="alt d" second-keystroke="alt w" />
  </action>
  <action id="Sql.EditParameter">
    <keyboard-shortcut first-keystroke="f4" />
    <keyboard-shortcut first-keystroke="shift alt v" />
    <keyboard-shortcut first-keystroke="f5" />
  </action>
  <action id="StepInto">
    <keyboard-shortcut first-keystroke="f7" />
  </action>
  <action id="StepOut">
    <keyboard-shortcut first-keystroke="shift f7" />
  </action>
  <action id="StepOver">
    <keyboard-shortcut first-keystroke="f6" />
  </action>
  <action id="Stop">
    <keyboard-shortcut first-keystroke="shift f5" />
    <keyboard-shortcut first-keystroke="alt d" second-keystroke="alt q" />
  </action>
  <action id="SurroundWithLiveTemplate" />
  <action id="TextEditorWithPreview.Layout.PreviewOnly" />
  <action id="TextSearchAction">
    <keyboard-shortcut first-keystroke="ctrl u" />
  </action>
  <action id="UML.ShowChanges" />
  <action id="UnselectPreviousOccurrence" />
  <action id="Vcs.CherryPick">
    <keyboard-shortcut first-keystroke="ctrl m" second-keystroke="ctrl n" />
  </action>
  <action id="Vcs.Log.AnnotateRevisionAction">
    <keyboard-shortcut first-keystroke="ctrl m" second-keystroke="ctrl comma" />
  </action>
  <action id="Vcs.Push">
    <keyboard-shortcut first-keystroke="ctrl m" second-keystroke="ctrl o" />
  </action>
  <action id="Vcs.Show.Local.Changes">
    <keyboard-shortcut first-keystroke="shift ctrl s" />
  </action>
  <action id="Vcs.Show.Log">
    <keyboard-shortcut first-keystroke="ctrl m" second-keystroke="ctrl l" />
  </action>
  <action id="Vcs.ShowHistoryForBlock">
    <keyboard-shortcut first-keystroke="ctrl m" second-keystroke="ctrl s" />
  </action>
  <action id="Vcs.ShowMessageHistory" />
  <action id="Vcs.ShowTabbedFileHistory">
    <keyboard-shortcut first-keystroke="ctrl m" second-keystroke="ctrl d" />
  </action>
  <action id="ViewBreakpoints">
    <keyboard-shortcut first-keystroke="shift ctrl f8" />
    <keyboard-shortcut first-keystroke="alt b" />
  </action>
  <action id="XDebugger.JumpToSource">
    <keyboard-shortcut first-keystroke="f4" />
    <keyboard-shortcut first-keystroke="shift alt v" />
    <keyboard-shortcut first-keystroke="f5" />
  </action>
  <action id="de.netnexus.CamelCasePlugin.ToggleCamelCase">
    <keyboard-shortcut first-keystroke="shift alt u" />
    <keyboard-shortcut first-keystroke="alt q" />
  </action>
  <action id="sql.ChangeDialect">
    <keyboard-shortcut first-keystroke="ctrl l" />
  </action>
  <action id="sql.ChangeDialect.toolbar">
    <keyboard-shortcut first-keystroke="ctrl l" />
  </action>
  <action id="tasks.goto">
    <keyboard-shortcut first-keystroke="shift alt i" />
  </action>
</keymap>