<application>
  <component name="GeneralSettings">
    <option name="confirmOpenNewProject2" value="0" />
  </component>
  <component name="Registry">
    <entry key="moved.to.new.ui" value="true" source="SYSTEM" />
    <entry key="ide.experimental.ui" value="true" source="SYSTEM" />
    <entry key="jvm.dfa.analysis.ui.security.analysis.window.was.shown" value="true" source="SYSTEM" />
    <entry key="ide.browser.jcef.out-of-process.enabled" value="false" source="SYSTEM" />
  </component>
</application>