<application>
  <component name="Trusted.Paths">
    <option name="TRUSTED_PROJECT_PATHS">
      <map>
        <entry key="$USER_HOME$/github/khpark0203/ddd-legacy" value="true" />
        <entry key="$USER_HOME$/github/khpark0203/holic-service" value="true" />
        <entry key="$USER_HOME$/github/khpark0203/monitoring" value="true" />
        <entry key="$USER_HOME$/github/khpark0203/playground/kbd" value="true" />
      </map>
    </option>
  </component>
  <component name="Trusted.Paths.Settings">
    <option name="TRUSTED_PATHS">
      <list>
        <option value="$USER_HOME$/github/khpark0203" />
      </list>
    </option>
  </component>
</application>