<application>
  <component name="DimensionService">
    <location key="find.popup.3456.0.5120.2880@192dpi" x="5544" y="320" />
    <location key="find.popup.0.0.3456.2234@192dpi" x="1410" y="282" />
    <location key="find.popup.0.0.5120.2880@192dpi" x="2088" y="320" />
    <location key="find.popup.0.0.4112.2658@192dpi" x="1676" y="320" />
    <size key="GridCell.Tab.0.right.0.0.3456.2234@192dpi" width="4124" height="1078" />
    <size key="GridCell.Tab.0.left.0.0.3456.2234@192dpi" width="4124" height="1078" />
    <size key="GridCell.Tab.0.center.0.0.3456.2234@192dpi" width="4124" height="1078" />
    <size key="GridCell.Tab.0.bottom.0.0.3456.2234@192dpi" width="4124" height="1078" />
    <size key="GridCell.Tab.1.left.0.0.3456.2234@192dpi" width="4124" height="1078" />
    <size key="GridCell.Tab.1.center.0.0.3456.2234@192dpi" width="4124" height="1078" />
    <size key="GridCell.Tab.1.right.0.0.3456.2234@192dpi" width="4124" height="1078" />
    <size key="GridCell.Tab.1.bottom.0.0.3456.2234@192dpi" width="4124" height="1078" />
    <size key="GridCell.Tab.2.left.0.0.3456.2234@192dpi" width="4124" height="1078" />
    <size key="GridCell.Tab.2.center.0.0.3456.2234@192dpi" width="4124" height="1078" />
    <size key="GridCell.Tab.2.right.0.0.3456.2234@192dpi" width="4124" height="1078" />
    <size key="GridCell.Tab.2.bottom.0.0.3456.2234@192dpi" width="4124" height="1078" />
    <size key="GridCell.Tab.3.left.0.0.3456.2234@192dpi" width="4124" height="1078" />
    <size key="GridCell.Tab.3.center.0.0.3456.2234@192dpi" width="4124" height="1078" />
    <size key="GridCell.Tab.3.right.0.0.3456.2234@192dpi" width="4124" height="1078" />
    <size key="GridCell.Tab.3.bottom.0.0.3456.2234@192dpi" width="4124" height="1078" />
    <size key="GridCell.Tab.4.left.0.0.3456.2234@192dpi" width="4124" height="1078" />
    <size key="GridCell.Tab.4.center.0.0.3456.2234@192dpi" width="4124" height="1078" />
    <size key="GridCell.Tab.4.right.0.0.3456.2234@192dpi" width="4124" height="1078" />
    <size key="GridCell.Tab.4.bottom.0.0.3456.2234@192dpi" width="4124" height="1078" />
    <size key="GridCell.Tab.5.left.0.0.3456.2234@192dpi" width="4124" height="1078" />
    <size key="GridCell.Tab.5.center.0.0.3456.2234@192dpi" width="4124" height="1078" />
    <size key="GridCell.Tab.5.right.0.0.3456.2234@192dpi" width="4124" height="1078" />
    <size key="GridCell.Tab.5.bottom.0.0.3456.2234@192dpi" width="4124" height="1078" />
    <size key="GridCell.Tab.0.left.3456.0.5120.2880@192dpi" width="3292" height="1250" />
    <size key="GridCell.Tab.0.center.3456.0.5120.2880@192dpi" width="3292" height="1250" />
    <size key="GridCell.Tab.0.right.3456.0.5120.2880@192dpi" width="3292" height="1250" />
    <size key="GridCell.Tab.0.bottom.3456.0.5120.2880@192dpi" width="3292" height="1250" />
    <size key="GridCell.Tab.1.left.3456.0.5120.2880@192dpi" width="3292" height="1250" />
    <size key="GridCell.Tab.1.center.3456.0.5120.2880@192dpi" width="3292" height="1250" />
    <size key="GridCell.Tab.1.right.3456.0.5120.2880@192dpi" width="3292" height="1250" />
    <size key="GridCell.Tab.1.bottom.3456.0.5120.2880@192dpi" width="3292" height="1250" />
    <size key="GridCell.Tab.2.left.3456.0.5120.2880@192dpi" width="3292" height="1250" />
    <size key="GridCell.Tab.2.center.3456.0.5120.2880@192dpi" width="3292" height="1250" />
    <size key="GridCell.Tab.2.right.3456.0.5120.2880@192dpi" width="3292" height="1250" />
    <size key="GridCell.Tab.2.bottom.3456.0.5120.2880@192dpi" width="3292" height="1250" />
    <size key="GridCell.Tab.3.left.3456.0.5120.2880@192dpi" width="3292" height="1250" />
    <size key="GridCell.Tab.3.center.3456.0.5120.2880@192dpi" width="3292" height="1250" />
    <size key="GridCell.Tab.3.right.3456.0.5120.2880@192dpi" width="3292" height="1250" />
    <size key="GridCell.Tab.3.bottom.3456.0.5120.2880@192dpi" width="3292" height="1250" />
    <size key="GridCell.Tab.4.left.3456.0.5120.2880@192dpi" width="3292" height="1250" />
    <size key="GridCell.Tab.4.center.3456.0.5120.2880@192dpi" width="3292" height="1250" />
    <size key="GridCell.Tab.4.right.3456.0.5120.2880@192dpi" width="3292" height="1250" />
    <size key="GridCell.Tab.4.bottom.3456.0.5120.2880@192dpi" width="3292" height="1250" />
    <size key="GridCell.Tab.5.left.3456.0.5120.2880@192dpi" width="3292" height="612" />
    <size key="GridCell.Tab.5.center.3456.0.5120.2880@192dpi" width="3292" height="612" />
    <size key="GridCell.Tab.5.right.3456.0.5120.2880@192dpi" width="3292" height="612" />
    <size key="GridCell.Tab.5.bottom.3456.0.5120.2880@192dpi" width="3292" height="612" />
    <size key="find.popup.3456.0.5120.2880@192dpi" width="1290" height="1578" />
    <size key="find.popup.0.0.3456.2234@192dpi" width="1290" height="1204" />
    <size key="GridCell.Tab.0.right.0.0.5120.2880@192dpi" width="3948" height="1076" />
    <size key="GridCell.Tab.0.left.0.0.5120.2880@192dpi" width="3948" height="1076" />
    <size key="GridCell.Tab.0.center.0.0.5120.2880@192dpi" width="3948" height="1076" />
    <size key="GridCell.Tab.0.bottom.0.0.5120.2880@192dpi" width="3948" height="1076" />
    <size key="GridCell.Tab.1.left.0.0.5120.2880@192dpi" width="3948" height="1076" />
    <size key="GridCell.Tab.1.center.0.0.5120.2880@192dpi" width="3948" height="1076" />
    <size key="GridCell.Tab.1.right.0.0.5120.2880@192dpi" width="3948" height="1076" />
    <size key="GridCell.Tab.1.bottom.0.0.5120.2880@192dpi" width="3948" height="1076" />
    <size key="GridCell.Tab.2.left.0.0.5120.2880@192dpi" width="3148" height="998" />
    <size key="GridCell.Tab.2.center.0.0.5120.2880@192dpi" width="3148" height="998" />
    <size key="GridCell.Tab.2.right.0.0.5120.2880@192dpi" width="3148" height="998" />
    <size key="GridCell.Tab.2.bottom.0.0.5120.2880@192dpi" width="3148" height="998" />
    <size key="GridCell.Tab.3.left.0.0.5120.2880@192dpi" width="3148" height="998" />
    <size key="GridCell.Tab.3.center.0.0.5120.2880@192dpi" width="3148" height="998" />
    <size key="GridCell.Tab.3.right.0.0.5120.2880@192dpi" width="3148" height="998" />
    <size key="GridCell.Tab.3.bottom.0.0.5120.2880@192dpi" width="3148" height="998" />
    <size key="GridCell.Tab.4.left.0.0.5120.2880@192dpi" width="3148" height="998" />
    <size key="GridCell.Tab.4.center.0.0.5120.2880@192dpi" width="3148" height="998" />
    <size key="GridCell.Tab.4.right.0.0.5120.2880@192dpi" width="3148" height="998" />
    <size key="GridCell.Tab.4.bottom.0.0.5120.2880@192dpi" width="3148" height="998" />
    <size key="GridCell.Tab.5.left.0.0.5120.2880@192dpi" width="3148" height="998" />
    <size key="GridCell.Tab.5.center.0.0.5120.2880@192dpi" width="3148" height="998" />
    <size key="GridCell.Tab.5.right.0.0.5120.2880@192dpi" width="3148" height="998" />
    <size key="GridCell.Tab.5.bottom.0.0.5120.2880@192dpi" width="3148" height="998" />
    <size key="find.popup.0.0.5120.2880@192dpi" width="1912" height="1580" />
    <size key="find.popup.0.0.4112.2658@192dpi" width="1290" height="1052" />
    <size key="GridCell.Tab.0.right.0.0.4112.2658@192dpi" width="3948" height="1076" />
    <size key="GridCell.Tab.0.left.0.0.4112.2658@192dpi" width="3948" height="1076" />
    <size key="GridCell.Tab.0.center.0.0.4112.2658@192dpi" width="3948" height="1076" />
    <size key="GridCell.Tab.0.bottom.0.0.4112.2658@192dpi" width="3948" height="1076" />
    <size key="GridCell.Tab.1.left.0.0.4112.2658@192dpi" width="3948" height="1076" />
    <size key="GridCell.Tab.1.center.0.0.4112.2658@192dpi" width="3948" height="1076" />
    <size key="GridCell.Tab.1.right.0.0.4112.2658@192dpi" width="3948" height="1076" />
    <size key="GridCell.Tab.1.bottom.0.0.4112.2658@192dpi" width="3948" height="1076" />
    <size key="GridCell.Tab.2.left.0.0.4112.2658@192dpi" width="3148" height="998" />
    <size key="GridCell.Tab.2.center.0.0.4112.2658@192dpi" width="3148" height="998" />
    <size key="GridCell.Tab.2.right.0.0.4112.2658@192dpi" width="3148" height="998" />
    <size key="GridCell.Tab.2.bottom.0.0.4112.2658@192dpi" width="3148" height="998" />
    <size key="GridCell.Tab.3.left.0.0.4112.2658@192dpi" width="3148" height="998" />
    <size key="GridCell.Tab.3.center.0.0.4112.2658@192dpi" width="3148" height="998" />
    <size key="GridCell.Tab.3.right.0.0.4112.2658@192dpi" width="3148" height="998" />
    <size key="GridCell.Tab.3.bottom.0.0.4112.2658@192dpi" width="3148" height="998" />
    <size key="GridCell.Tab.4.left.0.0.4112.2658@192dpi" width="3148" height="998" />
    <size key="GridCell.Tab.4.center.0.0.4112.2658@192dpi" width="3148" height="998" />
    <size key="GridCell.Tab.4.right.0.0.4112.2658@192dpi" width="3148" height="998" />
    <size key="GridCell.Tab.4.bottom.0.0.4112.2658@192dpi" width="3148" height="998" />
    <size key="GridCell.Tab.5.left.0.0.4112.2658@192dpi" width="3148" height="998" />
    <size key="GridCell.Tab.5.center.0.0.4112.2658@192dpi" width="3148" height="998" />
    <size key="GridCell.Tab.5.right.0.0.4112.2658@192dpi" width="3148" height="998" />
    <size key="GridCell.Tab.5.bottom.0.0.4112.2658@192dpi" width="3148" height="998" />
    <size key="GridCell.Tab.0.right.5120.0.5120.2880@192dpi" width="3988" height="1306" />
    <size key="GridCell.Tab.0.left.5120.0.5120.2880@192dpi" width="3988" height="1306" />
    <size key="GridCell.Tab.0.center.5120.0.5120.2880@192dpi" width="3988" height="1306" />
    <size key="GridCell.Tab.0.bottom.5120.0.5120.2880@192dpi" width="3988" height="1306" />
    <size key="GridCell.Tab.1.left.5120.0.5120.2880@192dpi" width="3988" height="1306" />
    <size key="GridCell.Tab.1.center.5120.0.5120.2880@192dpi" width="3988" height="1306" />
    <size key="GridCell.Tab.1.right.5120.0.5120.2880@192dpi" width="3988" height="1306" />
    <size key="GridCell.Tab.1.bottom.5120.0.5120.2880@192dpi" width="3988" height="1306" />
    <size key="GridCell.Tab.2.left.5120.0.5120.2880@192dpi" width="3988" height="1306" />
    <size key="GridCell.Tab.2.center.5120.0.5120.2880@192dpi" width="3988" height="1306" />
    <size key="GridCell.Tab.2.right.5120.0.5120.2880@192dpi" width="3988" height="1306" />
    <size key="GridCell.Tab.2.bottom.5120.0.5120.2880@192dpi" width="3988" height="1306" />
    <size key="GridCell.Tab.3.left.5120.0.5120.2880@192dpi" width="3988" height="1306" />
    <size key="GridCell.Tab.3.center.5120.0.5120.2880@192dpi" width="3988" height="1306" />
    <size key="GridCell.Tab.3.right.5120.0.5120.2880@192dpi" width="3988" height="1306" />
    <size key="GridCell.Tab.3.bottom.5120.0.5120.2880@192dpi" width="3988" height="1306" />
    <size key="GridCell.Tab.4.left.5120.0.5120.2880@192dpi" width="3988" height="1306" />
    <size key="GridCell.Tab.4.center.5120.0.5120.2880@192dpi" width="3988" height="1306" />
    <size key="GridCell.Tab.4.right.5120.0.5120.2880@192dpi" width="3988" height="1306" />
    <size key="GridCell.Tab.4.bottom.5120.0.5120.2880@192dpi" width="3988" height="1306" />
    <size key="GridCell.Tab.5.left.5120.0.5120.2880@192dpi" width="3988" height="1306" />
    <size key="GridCell.Tab.5.center.5120.0.5120.2880@192dpi" width="3988" height="1306" />
    <size key="GridCell.Tab.5.right.5120.0.5120.2880@192dpi" width="3988" height="1306" />
    <size key="GridCell.Tab.5.bottom.5120.0.5120.2880@192dpi" width="3988" height="1306" />
  </component>
  <component name="WindowManager">
    <frame x="14" y="25" width="2546" height="1345" extendedState="6" />
  </component>
  <component name="WindowStateApplicationService">
    <state width="618" height="581" key="ShowUsagesActions.dimensionServiceKey" timestamp="1741533702726">
      <screen x="0" y="25" width="2560" height="1346" />
    </state>
    <state width="819" height="579" key="ShowUsagesActions.dimensionServiceKey/-1728.38.1728.1079/2560.25.2560.1415/0.25.2560.1346" timestamp="1740722039463" />
    <state width="658" height="610" key="ShowUsagesActions.dimensionServiceKey/-2056.44.2056.1216/2560.25.2560.1415/0.25.2560.1415" timestamp="1741321912406" />
    <state width="618" height="581" key="ShowUsagesActions.dimensionServiceKey/-2056.44.2056.1285/0.25.2560.1346/2560.25.2560.1415" timestamp="1741533702726" />
    <state width="657" height="555" key="ShowUsagesActions.dimensionServiceKey/0.38.2056.1291" timestamp="1740577013629" />
    <state width="782" height="524" key="ShowUsagesActions.dimensionServiceKey/0.44.2056.1216" timestamp="1740886449733" />
    <state x="1279" y="593" width="997" height="720" key="WELCOME_SCREEN" timestamp="1748067438606">
      <screen x="0" y="25" width="2560" height="1346" />
    </state>
    <state x="1279" y="593" width="997" height="720" key="WELCOME_SCREEN/-2056.44.2056.1285/0.25.2560.1346/2560.25.2560.1415" timestamp="1748067438606" />
    <state x="1028" y="557" width="800" height="650" key="WELCOME_SCREEN/0.44.2056.1216" timestamp="1746512958273" />
  </component>
</application>