<application>
  <component name="com.intellij.ide.ui.customization.CustomActionsSchema">
    <group value="TopStripeActionGroup" is_action="true" action_type="1" position="0">
      <path value="root" />
      <path value="기본 도구 모음" />
      <path value="가운데로" />
    </group>
    <group value="TopStripeActionGroup" is_action="true" action_type="1" position="0">
      <path value="root" />
      <path value="메인 툴바" />
      <path value="가운데" />
    </group>
    <group value="TopStripeActionGroup" is_action="true" action_type="1" position="0">
      <path value="root" />
      <path value="Main Toolbar" />
      <path value="Center" />
    </group>
  </component>
</application>