<application>
  <component name="SettingsSyncSettings">
    <option name="disabledSubcategories">
      <map>
        <entry key="PLUGINS">
          <value>
            <list>
              <option value="com.github.novotnyr.jwt-intellij-plugin" />
              <option value="com.intellij.ideolog" />
              <option value="com.intellij.tide" />
              <option value="indent-rainbow.indent-rainbow" />
              <option value="org.jetbrains.plugins.github" />
              <option value="org.jetbrains.plugins.gitlab" />
            </list>
          </value>
        </entry>
      </map>
    </option>
    <option name="migrationFromOldStorageChecked" value="true" />
    <option name="syncEnabled" value="true" />
  </component>
</application>