<application>
  <component name="DimensionService">
    <location key="find.popup.3456.0.5120.2880@192dpi" x="5544" y="320" />
    <location key="find.popup.0.0.3456.2234@192dpi" x="1410" y="282" />
    <size key="GridCell.Tab.0.right.0.0.3456.2234@192dpi" width="3012" height="908" />
    <size key="GridCell.Tab.0.left.0.0.3456.2234@192dpi" width="3012" height="908" />
    <size key="GridCell.Tab.0.center.0.0.3456.2234@192dpi" width="3012" height="908" />
    <size key="GridCell.Tab.0.bottom.0.0.3456.2234@192dpi" width="3012" height="908" />
    <size key="GridCell.Tab.1.left.0.0.3456.2234@192dpi" width="3012" height="908" />
    <size key="GridCell.Tab.1.center.0.0.3456.2234@192dpi" width="3012" height="908" />
    <size key="GridCell.Tab.1.right.0.0.3456.2234@192dpi" width="3012" height="908" />
    <size key="GridCell.Tab.1.bottom.0.0.3456.2234@192dpi" width="3012" height="908" />
    <size key="GridCell.Tab.2.left.0.0.3456.2234@192dpi" width="3292" height="612" />
    <size key="GridCell.Tab.2.center.0.0.3456.2234@192dpi" width="3292" height="612" />
    <size key="GridCell.Tab.2.right.0.0.3456.2234@192dpi" width="3292" height="612" />
    <size key="GridCell.Tab.2.bottom.0.0.3456.2234@192dpi" width="3292" height="612" />
    <size key="GridCell.Tab.3.left.0.0.3456.2234@192dpi" width="3292" height="612" />
    <size key="GridCell.Tab.3.center.0.0.3456.2234@192dpi" width="3292" height="612" />
    <size key="GridCell.Tab.3.right.0.0.3456.2234@192dpi" width="3292" height="612" />
    <size key="GridCell.Tab.3.bottom.0.0.3456.2234@192dpi" width="3292" height="612" />
    <size key="GridCell.Tab.4.left.0.0.3456.2234@192dpi" width="3292" height="612" />
    <size key="GridCell.Tab.4.center.0.0.3456.2234@192dpi" width="3292" height="612" />
    <size key="GridCell.Tab.4.right.0.0.3456.2234@192dpi" width="3292" height="612" />
    <size key="GridCell.Tab.4.bottom.0.0.3456.2234@192dpi" width="3292" height="612" />
    <size key="GridCell.Tab.5.left.0.0.3456.2234@192dpi" width="3292" height="612" />
    <size key="GridCell.Tab.5.center.0.0.3456.2234@192dpi" width="3292" height="612" />
    <size key="GridCell.Tab.5.right.0.0.3456.2234@192dpi" width="3292" height="612" />
    <size key="GridCell.Tab.5.bottom.0.0.3456.2234@192dpi" width="3292" height="612" />
    <size key="GridCell.Tab.0.left.3456.0.5120.2880@192dpi" width="3292" height="1250" />
    <size key="GridCell.Tab.0.center.3456.0.5120.2880@192dpi" width="3292" height="1250" />
    <size key="GridCell.Tab.0.right.3456.0.5120.2880@192dpi" width="3292" height="1250" />
    <size key="GridCell.Tab.0.bottom.3456.0.5120.2880@192dpi" width="3292" height="1250" />
    <size key="GridCell.Tab.1.left.3456.0.5120.2880@192dpi" width="3292" height="1250" />
    <size key="GridCell.Tab.1.center.3456.0.5120.2880@192dpi" width="3292" height="1250" />
    <size key="GridCell.Tab.1.right.3456.0.5120.2880@192dpi" width="3292" height="1250" />
    <size key="GridCell.Tab.1.bottom.3456.0.5120.2880@192dpi" width="3292" height="1250" />
    <size key="GridCell.Tab.2.left.3456.0.5120.2880@192dpi" width="3292" height="1250" />
    <size key="GridCell.Tab.2.center.3456.0.5120.2880@192dpi" width="3292" height="1250" />
    <size key="GridCell.Tab.2.right.3456.0.5120.2880@192dpi" width="3292" height="1250" />
    <size key="GridCell.Tab.2.bottom.3456.0.5120.2880@192dpi" width="3292" height="1250" />
    <size key="GridCell.Tab.3.left.3456.0.5120.2880@192dpi" width="3292" height="1250" />
    <size key="GridCell.Tab.3.center.3456.0.5120.2880@192dpi" width="3292" height="1250" />
    <size key="GridCell.Tab.3.right.3456.0.5120.2880@192dpi" width="3292" height="1250" />
    <size key="GridCell.Tab.3.bottom.3456.0.5120.2880@192dpi" width="3292" height="1250" />
    <size key="GridCell.Tab.4.left.3456.0.5120.2880@192dpi" width="3292" height="1250" />
    <size key="GridCell.Tab.4.center.3456.0.5120.2880@192dpi" width="3292" height="1250" />
    <size key="GridCell.Tab.4.right.3456.0.5120.2880@192dpi" width="3292" height="1250" />
    <size key="GridCell.Tab.4.bottom.3456.0.5120.2880@192dpi" width="3292" height="1250" />
    <size key="GridCell.Tab.5.left.3456.0.5120.2880@192dpi" width="3292" height="612" />
    <size key="GridCell.Tab.5.center.3456.0.5120.2880@192dpi" width="3292" height="612" />
    <size key="GridCell.Tab.5.right.3456.0.5120.2880@192dpi" width="3292" height="612" />
    <size key="GridCell.Tab.5.bottom.3456.0.5120.2880@192dpi" width="3292" height="612" />
    <size key="find.popup.3456.0.5120.2880@192dpi" width="1290" height="1578" />
    <size key="find.popup.0.0.3456.2234@192dpi" width="1290" height="1204" />
    <size key="GridCell.Tab.0.left.8576.0.5120.2880@192dpi" width="3528" height="848" />
    <size key="GridCell.Tab.0.center.8576.0.5120.2880@192dpi" width="3528" height="848" />
    <size key="GridCell.Tab.0.right.8576.0.5120.2880@192dpi" width="3528" height="848" />
    <size key="GridCell.Tab.0.bottom.8576.0.5120.2880@192dpi" width="3528" height="848" />
    <size key="GridCell.Tab.0.left.-3456.0.3456.2234@192dpi" width="3012" height="908" />
    <size key="GridCell.Tab.0.center.-3456.0.3456.2234@192dpi" width="3012" height="908" />
    <size key="GridCell.Tab.0.right.-3456.0.3456.2234@192dpi" width="3012" height="908" />
    <size key="GridCell.Tab.0.bottom.-3456.0.3456.2234@192dpi" width="3012" height="908" />
    <size key="GridCell.Tab.1.left.-3456.0.3456.2234@192dpi" width="3012" height="908" />
    <size key="GridCell.Tab.1.center.-3456.0.3456.2234@192dpi" width="3012" height="908" />
    <size key="GridCell.Tab.1.right.-3456.0.3456.2234@192dpi" width="3012" height="908" />
    <size key="GridCell.Tab.1.bottom.-3456.0.3456.2234@192dpi" width="3012" height="908" />
    <size key="GridCell.Tab.0.left.5120.0.5120.2880@192dpi" width="4158" height="1152" />
    <size key="GridCell.Tab.0.center.5120.0.5120.2880@192dpi" width="4158" height="1152" />
    <size key="GridCell.Tab.0.right.5120.0.5120.2880@192dpi" width="4158" height="1152" />
    <size key="GridCell.Tab.0.bottom.5120.0.5120.2880@192dpi" width="4158" height="1152" />
    <size key="GridCell.Tab.1.left.5120.0.5120.2880@192dpi" width="4158" height="1152" />
    <size key="GridCell.Tab.1.center.5120.0.5120.2880@192dpi" width="4158" height="1152" />
    <size key="GridCell.Tab.1.right.5120.0.5120.2880@192dpi" width="4158" height="1152" />
    <size key="GridCell.Tab.1.bottom.5120.0.5120.2880@192dpi" width="4158" height="1152" />
    <size key="GridCell.Tab.0.left.0.0.5120.2880@192dpi" width="4158" height="1192" />
    <size key="GridCell.Tab.0.center.0.0.5120.2880@192dpi" width="4158" height="1192" />
    <size key="GridCell.Tab.0.right.0.0.5120.2880@192dpi" width="4158" height="1192" />
    <size key="GridCell.Tab.0.bottom.0.0.5120.2880@192dpi" width="4158" height="1192" />
    <size key="GridCell.Tab.0.left.0.0.4112.2658@192dpi" width="3418" height="782" />
    <size key="GridCell.Tab.0.center.0.0.4112.2658@192dpi" width="3418" height="782" />
    <size key="GridCell.Tab.0.right.0.0.4112.2658@192dpi" width="3418" height="782" />
    <size key="GridCell.Tab.0.bottom.0.0.4112.2658@192dpi" width="3418" height="782" />
    <size key="GridCell.Tab.0.left.-4112.0.4112.2658@192dpi" width="3326" height="1062" />
    <size key="GridCell.Tab.0.center.-4112.0.4112.2658@192dpi" width="3326" height="1062" />
    <size key="GridCell.Tab.0.right.-4112.0.4112.2658@192dpi" width="3326" height="1062" />
    <size key="GridCell.Tab.0.bottom.-4112.0.4112.2658@192dpi" width="3326" height="1062" />
    <size key="GridCell.Tab.1.left.0.0.5120.2880@192dpi" width="4158" height="1192" />
    <size key="GridCell.Tab.1.center.0.0.5120.2880@192dpi" width="4158" height="1192" />
    <size key="GridCell.Tab.1.right.0.0.5120.2880@192dpi" width="4158" height="1192" />
    <size key="GridCell.Tab.1.bottom.0.0.5120.2880@192dpi" width="4158" height="1192" />
    <size key="GridCell.Tab.1.left.-4112.0.4112.2658@192dpi" width="3326" height="1102" />
    <size key="GridCell.Tab.1.center.-4112.0.4112.2658@192dpi" width="3326" height="1102" />
    <size key="GridCell.Tab.1.right.-4112.0.4112.2658@192dpi" width="3326" height="1102" />
    <size key="GridCell.Tab.1.bottom.-4112.0.4112.2658@192dpi" width="3326" height="1102" />
  </component>
  <component name="WindowManager">
    <frame x="0" y="44" width="1892" height="1215" extendedState="6" />
  </component>
</application>